# A list of sites that have received financial support from the Swedish Energy Agency to establish public fast chargers for trucks (247 coordinates, all in Sweden)
# Pl√∂tz et al, from Amazon data (2725 locations, all in Europe)
station_latitude	station_longitude
62.03341	14.36662
57.31471	14.57705
59.27591	18.01519
64.58893107	18.69296649
63.85104	20.139234
56.06325	14.497107
61.74136	17.08007
60.64925	17.12015
56.54112	12.97133
57.16772	12.277217
57.66597	14.182419
56.812558	13.910262
55.62785	13.047473
55.722566	13.08722
59.60697	17.896358
59.08697	17.60245
63.05742	18.335575
58.86103	14.218339
57.80074	12.366919
58.02486	11.84976
57.706639	11.870618
57.663	12.541688
59.06382	15.00526
58.37226	15.29562
59.3944	16.467474
58.9144	11.259375
57.80918	13.41105
58.3945	11.757046
57.164627	14.076058
57.72952	12.92147
57.598712	12.058359
61.11552	14.626332
59.59106	16.248135
55.51616	13.246719
57.16772	12.277217
59.227917	17.835504
59.203517	17.664092
58.774224	17.021084
58.651868	16.174476
57.690223	12.826092
65.63425938	22.04289729
56.04363168	12.78104797
62.38504346	17.31725957
59.364772	13.14382
57.28930397	13.59496353
57.640222	18.334889
57.32646	12.21356
57.946193	11.858761
59.251843	14.830629
57.347827	14.097297
60.69907	17.20371
60.631247	16.886093
57.744623	11.995375
57.702902	11.857417
60.15224	16.19931
59.32704	17.01491
58.99132	14.61654
58.430094	15.666547
56.029918	12.700382
57.690877	14.15396
59.596166	16.436126
58.185021	13.57495
59.324139	14.443167
58.384275	13.459014
55.7725423	13.31919373
56.20596428	13.10682907
65.85410426	23.14514923
65.67279937	21.00885329
65.31589656	21.47678868
65.82609196	21.68439259
65.8414105	24.1329782
64.948695	21.192478
65.614018	22.05333
65.333575	21.433458
68.251456	19.511794
65.873899	19.456506
67.644418	21.039482
64.618241	21.192538
64.279757	21.042837
66.904445	21.59019
63.850989	20.351506
63.305996	18.788252
63.919418	19.842061
65.862926	22.313968
64.615317	16.67891
64.260235	16.405173
59.407184	13.62422
59.511796	11.819777
59.243903	15.103587
62.396444	17.255806
59.29901363	14.1273867
59.39812965	12.13151206
59.40718429	13.62422044
59.6575723	12.6409072
59.69728434	14.16266581
59.04588909	12.69264855
59.39242801	13.57108045
63.067806	14.830798
63.06789	14.83102
58.621691	16.16675
56.137611	13.43953
55.614336	13.101041
63.20641127	14.64023819
63.35921428	13.43551607
57.570799	16.484908
55.559485	13.064997
60.134686	15.404299
60.508266	14.231202
60.67953	13.731369
58.703259	12.448808
56.672208	12.794294
58.99578123	16.18814971
59.59065912	16.51602645
59.99635037	15.80510324
59.18719	17.464775
57.69503616	11.82948337
57.450646	14.101081
58.489128	11.627977
57.97909	16.483403
56.001618	14.098726
56.282801	13.347408
61.51806	16.976408
63.55738	19.42239
62.447143	17.321593
57.67674	12.0271254
57.677545	14.688612
61.021	14.5913
60.447	15.4878
57.746	14.1618
56.9113	14.7254
65.6058	22.0478
59.1469	18.1164
59.4334	17.9279
59.7392	18.6899
59.8544	17.6759
60.1311	12.9939
64.7311	20.9713
63.303	18.7516
59.6473	16.5686
57.689	12.8068
58.3823	13.88
58.4915	13.191
59.2374	15.1333
58.4233	15.6817
58.37226	15.29562
57.6222279	18.32432276
62.438884	16.465739
59.236297	15.136216
62.037215	14.388415
56.221275	15.211915
56.818415	13.909265
60.648965	17.118815
58.339347	12.238772
63.629661	19.876456
58.148187	12.133949
58.721145	11.350994
62.338246	17.352568
57.923979	14.317907
59.200375	17.661425
60.341541	17.485925
58.366045	15.298491
59.187225	17.458805
59.395635	15.887635
55.428485	13.840085
59.388055	16.469055
59.622185	17.391165
56.194595	12.854635
55.875152	12.885597
58.233064	14.671415
57.247127	16.416341
58.860925	14.217446
62.519265	17.438037
59.53778751	17.62767628
57.74251136	12.00471665
57.98213223	12.183308
58.43962	13.86077
58.32438	15.092674
60.90394529	17.01741856
56.93221791	12.51756683
57.691032	14.15644865
57.75148555	13.96024034
57.92473753	14.31980486
56.87863737	16.67964095
56.68422127	16.3223091
56.53581383	14.12499118
56.44571408	13.60274263
56.12723106	12.91560084
59.57680913	17.89801025
59.62124187	17.39123725
60.34518973	17.49150766
57.55177233	12.05487669
57.55510573	12.05195546
58.72098431	11.3514789
57.77958771	13.66231471
57.71710508	11.98059927
57.73186056	12.04946826
57.77362493	11.89419157
58.429997	15.620851
59.889251	16.564387
59.365644	16.68276
59.84489	17.727119
56.655579	12.900165
57.160299	14.076297
55.628081	13.029023
63.811153	20.327607
65.075459	17.121673
63.811017	20.328548
64.762676	21.001482
58.339697	12.239558
58.225404	14.670031
58.568574	16.080793
65.534228	17.54022
62.916945	15.255327
59.367543	13.141612
59.391379	13.853638
58.559676	12.358908
56.683631	16.321285
61.071544	16.967044
58.916758	17.368651
57.062287	12.353195
58.918231	17.368762
56.388605	12.937533
55.941404	12.818541
58.0501	12.844969
58.16872	13.936366
58.255558	12.975479
58.539098	13.514891
56.71396	12.88855
63.39327	12.936431
61.820623	16.064542
67.84802	20.27856
65.587515	19.189984
66.60842	19.82481
67.139	20.65924
66.258956	22.816345
65.088071	17.106914
60.986986	14.523881
63.85526818	20.21469886
59.852232	17.721714
59.65860003	17.07688937
59.426936	15.827445
58.67776931	13.81440907
58.56619	16.0877
58.222497	16.554052
59.499667	15.982222
57.770342	16.594368
56.019435	12.765898
55.61680151	13.12041933
56.247278	12.893472
57.4507	14.1015
42.5828	2.8444
41.2293	-2.2503
45.4263	11.3317
53.2731	-3.797
50.4902	4.0944
48.976	8.1559
51.3966	6.0879
50.9789	17.0705
50.1234	3.0899
50.7472	19.0454
49.5205	8.3114
53.4062	-6.4105
49.7479	12.7765
45.4486	11.8453
52.6948	9.687
50.7527	4.9531
48.9724	7.0689
48.1961	14.5272
53.0679	12.5326
52.3123	10.6349
51.468	7.5951
45.4485	10.529
50.2667	7.5112
48.2312	7.4047
51.1714	13.8411
52.2201	11.0576
51.158	6.9627
46.5153	8.6665
58.2269	14.6696
49.8869	2.837
47.8367	7.3951
49.9332	14.0196
52.5313	-0.3219
48.1087	1.8512
50.4405	7.2256
49.9252	7.9368
50.0014	8.1091
49.2589	10.2363
58.5685	16.08
52.3024	13.0176
51.1348	2.8191
52.2514	12.309
51.0041	2.3041
52.4212	9.5652
50.4947	4.7018
52.1844	11.4522
52.2366	12.0598
53.3581	-2.5036
45.612	12.4064
49.216	16.4082
52.3398	10.3575
51.3784	5.9613
50.941	1.9465
52.1633	18.2111
51.492	0.271
50.8617	1.7348
51.9448	19.1784
48.8106	8.1836
51.0951	1.0442
51.2667	0.6142
51.2115	15.2383
47.6334	17.6637
49.1359	6.7127
49.1858	16.7592
52.2547	6.434
51.2088	4.5483
43.5862	-1.42
48.6606	5.9087
44.866	4.8656
46.7204	17.5845
51.151	0.8525
52.8115	8.2162
44.4548	11.2798
50.1737	2.8737
51.8984	19.7068
47.1888	8.0769
45.4139	10.8705
49.3564	11.2035
49.2061	9.6396
48.4853	7.6735
52.3075	14.6497
57.0633	12.3522
49.646	8.2917
45.43	10.7144
46.7262	8.6211
50.7177	6.1193
52.2184	9.0549
49.6359	5.9705
51.3243	4.3464
52.3605	10.1647
45.8042	12.8875
51.6878	-0.2238
52.3258	14.9078
44.195	4.732
51.1572	15.0286
49.436	11.2702
52.3191	12.8595
44.7199	4.7873
53.3546	-6.213
51.0119	5.3326
52.0183	8.6347
43.8004	-1.2018
45.469	8.658
47.1304	5.4352
49.1737	9.9958
45.8467	11.0011
52.32	15.0862
41.6959	-0.9895
53.2257	-4.1743
49.7754	18.0966
50.9736	20.7411
52.3416	12.516
51.7027	19.6038
50.1439	5.0786
50.2623	2.8645
52.508	17.4715
49.4146	2.6939
50.0338	14.2158
52.901	18.7224
46.5705	13.6974
45.4421	12.0522
42.2989	2.9374
59.6212	17.391
52.3228	13.7053
52.3871	16.4757
51.0167	16.7547
46.3723	19.9977
45.5482	9.2079
46.3982	13.1682
52.5421	15.5412
49.0714	2.5526
51.933	5.7671
58.7207	11.3512
56.3618	13.4741
53.4841	10.0259
49.8547	13.8707
48.1579	15.1132
47.6174	18.3412
49.7861	3.3346
43.2012	-2.0395
41.2888	1.5916
44.3564	9.2101
47.9869	20.8316
49.541	6.1159
44.2334	12.2204
52.3532	14.0665
41.9697	23.0958
45.001	0.0356
49.566	15.289
43.36	3.3433
45.0138	8.92
48.2887	4.1626
58.3513	13.312
48.0559	0.254
49.8619	14.7908
48.2701	1.8558
49.9877	20.342
51.5958	19.1307
48.0273	7.3716
45.9479	22.6531
49.0833	4.9586
49.3567	3.9549
52.0942	16.6096
40.4592	0.4065
51.0614	13.5706
47.2621	11.4496
53.3674	11.7294
53.2306	9.3431
43.4228	-1.5984
47.3796	19.0533
51.4946	7.3399
53.3095	-6.3529
51.187	3.1056
50.6767	17.6568
50.4809	14.0828
52.3871	9.9989
49.1797	6.1764
54.0138	9.9328
48.1245	11.7573
53.0187	-2.7162
49.561	17.2627
49.8775	18.3093
46.0583	3.1116
46.8477	8.6328
48.3617	2.5737
49.6276	17.8331
53.2686	-2.8028
48.7607	7.3642
51.3379	15.6299
49.767	10.4707
53.982	24.0056
51.4167	5.7557
41.1633	-2.4228
52.3335	17.0187
47.0634	15.5774
50.8808	4.2539
50.6553	5.7105
49.3066	10.9668
50.3006	8.2357
48.2137	14.2828
49.2084	6.966
45.5924	12.2674
49.8352	7.9982
51.4091	0.3862
51.0024	13.7448
51.6962	7.9663
52.2103	8.8724
50.8179	6.2147
50.3113	18.5509
46.4196	4.8651
57.2543	14.0847
45.5594	9.0404
50.8933	12.9408
50.8448	17.2544
47.4219	5.1705
48.6062	9.6321
53.0918	13.8502
49.2721	11.6013
43.7126	4.132
52.3164	13.4951
50.8882	6.9245
52.1855	5.6744
50.0805	8.5451
52.1026	8.7197
46.6924	4.8439
42.841	2.912
45.4705	10.3747
51.9049	15.5883
49.0284	4.5238
48.3894	1.8909
45.511	9.6354
48.1898	14.0732
54.4772	9.545
51.8704	0.1957
55.169	11.9569
47.7734	14.1776
51.541	6.8855
55.5607	12.2304
45.7044	-0.6519
51.0061	10.1815
47.8825	13.4319
48.9078	8.7736
50.3903	7.3686
48.3427	8.6637
45.1087	18.5239
42.0315	-4.2994
46.5974	16.4616
49.2333	4.0815
46.2348	4.7952
56.5416	12.9701
51.3895	22.2481
38.8835	-7.0499
45.7738	15.8813
51.4504	11.305
43.5827	11.5228
48.7264	16.9826
52.4268	9.7554
49.6949	1.3639
46.5221	16.5186
45.9224	3.145
64.1073	16.173
49.6501	11.4406
49.047	6.9974
49.6638	3.5341
48.7417	9.0345
43.3966	3.4692
44.7457	-0.7037
51.0567	3.5278
44.664	10.8888
45.7614	14.1571
43.3134	-1.8783
49.3581	16.0194
45.8921	15.5971
48.1461	14.8733
50.8234	6.0204
50.5691	17.8605
47.5019	18.5494
50.6938	12.7254
46.9901	7.4767
43.1365	11.8646
43.869	4.4399
49.0733	4.7896
45.4464	10.2103
41.9154	-3.7508
40.2221	0.2013
49.27	8.1528
52.2094	-0.9439
51.2963	7.2142
52.7137	21.6939
51.4236	6.4998
46.5795	13.9998
47.5356	0.9622
41.9292	2.7845
47.7062	17.4887
50.2644	9.8812
43.9372	-1.0907
44.9981	24.619
49.5801	17.4614
45.8374	9.0341
47.6645	1.3872
47.8288	11.9051
47.5996	7.6031
52.1352	18.6343
47.5275	7.7006
50.6478	7.3355
50.5928	5.303
49.5245	2.7241
41.5923	2.3115
53.5369	-6.2163
46.5312	11.4908
50.8404	12.5081
50.4051	19.0173
51.919	19.4075
46.8111	13.5087
65.1794	18.7466
45.1427	9.6337
49.399	15.8807
66.9569	19.8082
48.4122	10.6497
41.7009	2.5172
49.2839	18.7755
52.9504	12.6612
48.8219	7.1506
54.8569	-2.8754
59.3675	13.1431
46.963	19.617
49.2165	2.6302
59.6344	18.3314
52.3137	7.0434
45.4146	11.0881
50.5723	2.3793
48.7299	4.2283
39.4843	-2.1576
51.1046	11.9554
52.4578	21.2933
41.1367	1.2219
51.0371	16.5841
52.8924	9.7681
46.1451	14.4759
43.8637	3.3123
49.0446	9.2638
45.6327	9.8511
53.2766	14.0608
51.4986	4.7422
47.2846	11.1645
49.177	11.7497
50.8981	7.0841
50.1156	7.5992
49.533	14.6643
51.0799	3.7323
48.3074	11.2039
52.8137	21.8902
43.7393	11.1833
44.786	10.4983
46.8804	11.4368
51.2527	0.3732
54.5254	-6.0039
44.0229	4.8894
50.861	2.0218
47.9976	11.6765
52.3721	16.7668
48.4378	10.2135
49.0125	20.6016
45.8825	22.4414
44.2215	8.3291
45.7418	7.5232
51.2195	14.8715
52.0103	4.3117
47.1654	0.6316
51.8659	8.3699
42.7956	23.1467
52.2698	-0.01
51.679	0.0307
45.0833	9.3161
44.8186	8.5943
50.3043	5.0179
43.017	-2.5351
49.6268	17.1662
51.4722	10.7796
47.5586	15.5912
43.5903	7.0352
50.0415	19.8052
46.7127	9.4453
51.6893	16.7498
51.6364	6.7462
54.1914	18.6323
50.0981	19.5514
50.8337	9.5733
52.2157	20.8823
41.4668	1.9781
46.963	4.8369
48.1853	15.797
42.9503	2.9703
50.0095	14.5428
46.2224	-0.4484
54.8287	9.3512
50.646	8.9893
46.9593	15.3824
50.4058	11.7735
44.8872	-0.5523
41.5418	0.5589
46.2041	5.2954
49.6231	2.7555
51.1889	6.8435
49.8893	5.3578
59.0638	15.0046
51.292	4.8717
50.2525	6.1696
52.6205	21.493
48.9313	12.7066
49.0907	16.5909
49.213	9.0759
47.6122	12.2011
44.935	8.8846
47.3182	11.6545
52.7037	-2.674
49.2869	2.6928
52.2235	9.2218
44.9765	-0.4324
43.5483	3.7958
51.2975	17.7766
54.9484	11.9882
52.1941	11.2632
51.6351	14.8615
52.3115	13.9525
42.3997	-4.0373
52.083	-0.7485
49.2526	10.4337
48.2	13.6452
51.1989	14.3304
49.3162	8.5767
51.2372	6.5125
47.3198	5.1709
49.4119	15.7205
51.203	9.4684
51.267	15.8117
48.1032	16.3197
51.3706	9.6332
51.8188	6.4446
48.394	13.4271
48.0586	10.8467
46.1335	0.1798
50.8963	3.1758
49.9943	9.0656
47.8397	17.2242
50.3038	11.8052
39.4715	-0.6455
45.6506	4.9264
51.5704	7.1006
46.232	9.1029
50.9489	11.1959
47.8023	12.177
44.5147	4.7808
39.6501	-0.3016
48.6412	8.0374
47.8198	1.6408
49.7527	15.0205
49.7068	2.7657
45.5128	-0.6124
45.8986	14.2556
47.9274	17.0973
48.0667	14.034
50.439	3.6689
43.4668	6.6724
40.9828	23.1889
50.5393	2.5409
50.897	3.4764
47.3102	7.8313
49.5263	11.067
41.8132	23.16
44.3425	11.8469
37.4815	-1.8704
49.1959	5.8721
50.8217	13.8876
46.3863	11.2942
40.0439	-0.717
40.7855	-3.6139
59.9898	17.6382
43.3546	-4.0935
38.7476	22.8609
64.1683	17.3696
38.7507	16.1928
47.7648	17.3877
46.08	13.2082
54.4186	20.0615
44.5215	11.344
51.3098	4.5552
58.3723	15.2953
54.4977	11.2232
43.472	5.8155
46.5075	13.565
49.1194	5.5089
48.5206	9.8074
52.1899	10.3978
50.2033	6.3389
41.89	12.7592
49.7172	8.1352
41.5705	-6.9942
48.181	17.0544
47.4386	8.3469
44.1375	9.9167
45.3915	9.1896
38.6266	-6.3699
52.678	7.5079
48.316	18.03
42.1357	12.6025
51.0506	16.9694
50.8165	8.0879
59.4261	15.8295
52.0753	20.2373
54.358	23.1822
50.1698	14.4609
55.7334	21.3831
52.6285	18.1497
49.1403	6.4666
45.8077	21.5708
53.8558	13.3341
48.8592	16.6091
47.7293	19.9196
46.3105	5.2609
53.1969	12.2755
46.3862	0.2208
40.3459	-3.4499
41.4808	-5.0433
50.1964	18.7022
44.2531	-0.9026
48.5552	1.9322
46.0163	14.5397
46.2306	3.1008
52.2046	11.6715
47.1483	5.5831
52.313	15.7826
48.7069	17.8722
48.3107	16.5153
45.2968	-0.5557
43.4628	3.6306
53.1389	-2.3361
50.5286	4.9854
47.5452	9.7386
50.8885	10.935
47.9436	5.3022
39.4202	-0.504
49.0015	12.3655
52.3476	9.4215
47.8623	8.7856
47.2915	0.6855
48.2679	5.8595
51.3594	7.3742
49.2622	10.5848
46.113	-0.5331
51.6834	8.7213
52.41	-1.2476
47.3659	9.6567
43.2865	-2.0303
51.3264	6.8914
50.4246	18.3913
43.3594	-1.6951
53.9233	9.941
53.1097	22.5896
48.9613	12.093
41.6432	0.8945
45.9957	8.9186
52.754	12.8541
45.9207	13.6203
43.9586	8.1342
43.8403	11.1626
50.1673	1.7548
49.1685	9.2587
41.6479	2.4253
46.1486	6.0956
45.3869	11.9412
46.9065	0.5228
45.8441	5.0706
42.7522	2.8924
46.6799	19.8241
52.2608	15.5339
51.1248	6.6008
50.4521	3.806
50.0531	11.6219
43.6801	-1.3058
41.6809	-4.7423
51.5481	8.1337
46.2964	-0.3792
51.1698	14.0643
47.3864	14.9002
45.0837	7.5156
41.6669	1.2112
41.527	0.7214
44.135	11.2167
41.6289	0.7743
48.1831	13.7833
48.0497	7.8105
49.2418	8.893
48.1227	16.4397
47.7682	12.947
56.9185	13.9706
47.0794	15.9575
49.1711	10.2415
51.9477	10.1402
48.2374	11.353
58.7482	16.9207
48.0562	16.7121
51.5561	19.5916
51.4438	9.1425
50.8707	11.8497
52.3368	14.2217
45.4601	-0.1437
52.3207	14.3864
49.7035	5.6242
41.7802	-3.696
52.6773	-2.4017
47.76	1.5551
41.8338	-1.3199
52.7086	13.1071
46.6841	13.6696
45.5044	11.6243
49.1481	8.5547
47.4421	6.7303
54.2447	10.0228
51.5937	8.4874
51.3224	18.069
52.5974	8.119
45.2456	6.4238
43.755	7.3981
38.5083	-3.4968
43.1908	-2.8973
46.204	21.209
45.057	18.8131
55.632	12.5751
55.3089	10.808
53.2532	-6.5685
47.2247	15.2287
53.583	20.1808
60.8612	15.1037
39.8146	22.508
38.1432	15.5172
48.5232	10.083
47.5001	-0.4912
40.661	-8.5922
50.9701	3.842
51.971	12.4869
47.9115	-0.0868
51.4828	-1.5577
52.4654	19.1912
57.0691	24.3169
40.6397	22.7935
48.8596	12.8573
43.482	13.5957
46.7314	11.6423
62.1694	17.3564
40.6977	14.798
47.6266	19.4389
46.0419	7.1481
52.1223	10.2289
42.5763	-3.2563
58.8371	13.9795
45.0715	6.892
42.2498	-7.8644
62.5402	17.5625
48.6346	7.4593
48.8384	8.0238
51.3178	-0.4538
56.4496	10.0002
39.5572	-6.4018
50.1072	14.587
45.2774	5.6235
52.3095	13.2999
43.1878	-7.9282
45.1495	0.7999
52.8228	-1.31
65.952	19.5193
44.7441	10.1629
39.1062	-1.9871
47.4285	7.8088
49.1262	3.5372
41.5913	15.501
54.2055	16.2061
53.7856	20.5882
46.5111	0.1471
47.6948	3.8329
49.3091	10.8259
46.9653	8.3858
55.1884	22.1082
52.3647	14.5237
46.2618	15.2218
48.6755	13.2431
43.2158	3.0934
51.755	14.1263
49.5665	3.7248
51.2722	0.0378
52.3051	10.8429
42.7045	-2.9486
47.1114	21.8954
51.0216	7.031
43.0693	-0.606
50.9435	1.8101
47.5427	16.1174
58.2834	24.5762
53.7432	15.2133
54.8888	23.8185
48.6339	0.1892
45.5262	5.9751
55.6732	24.3372
45.6052	13.9296
47.082	15.7396
60.5083	14.2299
41.466	0.2706
50.0545	2.9444
48.4646	11.5886
47.5266	8.7342
55.9573	9.6208
51.5371	8.8718
50.3009	19.1659
51.3052	13.7295
52.5213	21.4087
47.5844	13.157
53.4261	11.4938
47.6508	0.4694
43.4852	1.5492
45.6105	-0.5986
51.0536	2.5471
45.5481	6.1567
54.2674	18.5706
50.2555	18.9832
38.8388	-0.8556
54.6572	11.9111
59.9245	10.842
55.7478	9.5886
52.3805	15.9991
48.2199	10.1271
49.4635	17.1462
47.4259	14.7214
52.2177	-1.505
46.3924	8.8819
48.0046	13.8524
51.175	17.1797
50.0436	18.6988
43.6265	13.3341
46.6401	14.438
51.2615	12.7071
45.8089	4.7696
55.2163	9.3737
54.1907	15.8592
48.3477	16.3196
43.0991	0.3564
49.6439	12.528
46.1362	4.7679
52.5655	13.4707
48.8389	14.4558
52.251	7.7057
40.6255	-7.781
50.4667	12.1852
48.5947	2.4433
44.7741	-0.5637
43.551	5.3201
51.9285	8.5306
50.5564	4.28
52.9996	9.1813
55.8693	23.1777
45.7293	9.0286
46.6069	4.8794
37.3906	-6.0152
50.9468	5.6938
50.7181	4.5839
45.6128	5.2114
52.6194	-1.2059
48.6239	16.6759
43.3112	1.9703
40.7977	-4.4616
53.9319	-6.4167
49.4195	11.4854
47.4732	10.7263
51.828	13.9963
47.8392	13.0767
49.4952	0.9979
46.2746	20.438
51.3109	18.241
48.2731	13.4931
50.3178	6.0853
54.2444	24.5145
46.8616	4.8222
41.361	-5.1675
50.6893	5.3943
50.3713	18.7427
51.211	14.5561
47.2205	8.6611
52.2781	9.3519
52.3167	17.5503
46.2955	20.1106
48.1899	15.4084
49.4803	6.3647
42.8776	-2.7142
58.8107	14.9381
48.7662	13.0457
48.1867	1.9307
47.7226	20.3167
50.4163	2.9774
48.4294	17.0378
51.5682	15.0496
51.8925	19.5614
49.5815	10.9286
47.3042	16.0675
48.1959	11.9253
52.1275	10.0505
51.2902	12.1385
48.1703	11.4484
47.8799	10.0391
50.2683	6.4553
50.3957	8.077
45.8931	-0.6038
50.4618	18.1608
52.6438	-2.0571
51.6933	4.6456
44.8717	3.2485
43.3043	3.2179
43.6384	4.8559
41.3172	14.1661
48.1177	14.7327
51.1888	13.0093
47.3945	16.0816
48.3368	11.6089
47.8491	16.1834
38.1033	-1.231
50.2295	3.2729
52.9145	8.4247
46.4757	11.319
53.3033	-3.4678
45.9008	23.7615
47.7167	7.1374
40.9603	-5.7231
51.0907	13.2368
53.2927	9.5041
40.089	-0.0074
47.2708	5.9298
51.8886	13.8374
52.528	7.1981
50.8576	6.8053
53.1652	22.9362
48.0701	16.0664
51.2191	15.9806
59.0804	24.4564
40.6897	16.6033
42.7006	9.4518
53.52	-7.2891
52.218	20.2013
40.9321	9.5127
44.4624	15.6024
41.6047	9.2776
40.6927	8.6209
41.4328	-0.5041
40.3302	22.5813
55.3877	11.3621
38.859	-9.1613
50.8504	20.843
62.0738	9.1253
43.4543	24.7271
39.4872	20.2593
50.9803	-3.2066
51.7101	11.719
44.0407	1.0044
42.0005	-5.6599
38.3868	21.5444
52.1065	15.6047
43.0988	25.63
53.3991	-2.7409
53.7108	12.8635
41.8756	12.607
52.499	16.2737
51.6966	13.9018
59.1125	10.1096
48.1672	-1.8749
46.9043	-1.0477
37.1932	-3.8528
47.1467	9.5007
43.9929	12.6509
42.3084	23.0957
51.8426	22.6935
42.2113	24.8042
44.4017	1.5237
42.9082	23.8798
54.2638	-6.9596
39.0836	-4.616
40.2998	15.6438
39.5788	16.2435
39.2747	-3.4467
50.7967	-1.9492
42.3904	-8.6406
43.8274	10.6042
43.4952	-5.7172
40.1259	-8.4892
49.6138	0.5465
47.9122	21.929
48.5516	17.7882
48.0959	2.0718
52.6555	18.9314
48.4266	-2.1868
40.8092	-6.1484
58.7392	12.4731
54.6335	-2.6051
43.5332	1.3996
52.5324	12.966
45.2974	10.897
45.5013	9.7805
48.8886	8.289
43.5297	-1.1891
49.0576	19.8275
47.9589	14.0995
47.2395	2.0921
47.7112	12.1504
52.2086	13.6079
53.5255	15.7931
45.9065	23.2824
57.6656	14.1805
63.8046	20.2543
42.3873	14.2887
50.7086	2.116
44.6659	15.4213
51.5895	7.5874
53.9711	18.5388
41.422	1.8142
43.6496	3.9577
53.1448	18.1568
48.1222	0.6044
43.7984	7.6911
52.1508	-8.2784
47.1489	10.3751
39.8424	16.2449
50.4099	12.0382
43.0754	13.8434
53.7082	17.5802
44.7002	25.231
49.1051	6.2333
52.4206	12.9244
45.7769	13.6078
45.36	1.5702
47.139	19.4736
47.4939	14.4831
43.1212	12.5138
43.1103	0.6139
45.4002	24.2984
49.5709	12.1227
53.337	14.4231
49.7278	6.492
51.6839	5.8923
52.8834	13.7041
47.8491	21.0961
47.1763	18.4774
51.2839	16.1502
53.2638	12.1437
41.0496	14.3217
45.8416	15.217
52.342	5.6941
39.4367	-0.357
43.6584	12.0522
44.3305	3.081
52.4343	5.4238
49.1943	9.4296
49.4512	0.2714
50.0436	5.7098
42.9959	22.8387
45.9143	6.7195
51.2009	18.5881
51.4498	-1.3093
51.8277	11.6762
46.1594	1.3766
44.7328	10.6102
38.2564	23.7512
47.8089	1.8537
45.4373	8.2225
49.2425	8.7531
43.5441	-7.0805
50.9925	10.4459
52.3676	16.1898
54.3114	-1.5683
52.459	16.6539
48.9268	6.1109
47.6056	1.1208
47.9632	5.1491
48.2587	12.1874
50.7565	17.4337
45.2333	17.2909
43.6325	5.4939
57.1529	10.1594
46.4145	-0.121
46.1277	7.0604
51.4592	13.8528
51.7552	21.7626
52.5754	9.7762
44.5588	11.0595
49.922	3.2309
51.9585	21.5705
48.8013	10.8225
45.5493	24.2678
53.5598	-6.5575
47.8441	13.2907
42.4915	23.1318
52.8848	8.1292
50.1323	14.8631
43.4863	-1.5013
52.7839	7.834
44.9043	8.364
50.2271	14.7217
46.2404	6.1202
48.0326	16.962
40.5694	0.5383
54.3106	-6.5554
45.4072	7.8473
50.5602	20.2068
52.5051	5.9728
52.0888	20.3719
45.1967	6.623
45.1358	7.0884
44.9631	9.905
47.9163	8.0708
45.2316	24.3408
48.1767	17.1904
54.1433	22.9646
49.0788	3.3814
44.9499	7.9515
46.8315	15.5521
49.5042	19.9944
51.9268	20.4631
43.3455	1.2639
51.4044	5.5392
47.8477	10.2823
52.4014	13.7878
50.9581	11.8464
42.3177	12.4918
52.9815	17.7272
52.1968	8.3859
46.4287	15.6347
51.3949	5.3789
51.7738	7.64
51.2844	9.3693
54.0223	12.231
50.439	16.6387
42.4299	-2.4943
49.2732	7.1529
53.301	-2.4017
50.5065	1.6792
50.0666	8.764
51.2339	4.3099
49.7652	18.7006
51.3953	9.7788
48.26	17.0105
46.6077	15.6631
53.4685	16.8683
47.3373	2.9277
48.2293	12.9338
52.7158	6.6408
50.9078	9.8812
54.7481	9.378
42.4055	2.8802
50.9063	4.4609
50.1515	19.44
44.3254	4.7408
51.5578	6.5282
52.4785	13.3559
48.0718	17.0707
45.8294	13.9585
45.9428	12.305
44.5922	8.6653
45.9417	12.5621
45.9788	23.5216
48.6926	12.6734
37.9713	-4.458
43.1207	0.8953
43.6091	3.4632
50.5475	7.5859
49.0917	19.4177
51.5059	6.022
58.9172	17.3688
47.5504	10.6573
49.3966	11.8599
41.1713	-5.3686
51.0617	2.6749
50.8836	19.2563
45.3595	1.9375
53.4956	-6.396
42.3096	-3.7233
39.1542	-0.5288
49.3618	14.7002
52.1929	8.557
57.1644	14.066
50.2835	18.682
52.0863	18.2987
45.0444	11.8236
51.8483	5.1909
51.6082	12.1867
48.3955	12.766
49.8402	8.1421
50.6481	6.0034
45.3589	-0.1975
49.199	3.7594
52.6971	15.2322
53.5104	10.8527
42.6262	12.2292
59.2353	17.9785
45.0216	4.8762
44.0035	4.7041
47.2259	7.6163
53.0889	9.1782
49.6431	5.8305
49.0982	5.2978
45.0711	9.4464
51.2073	6.6489
52.7135	-2.871
43.6382	4.9854
45.8076	13.0154
39.9177	15.9658
51.5822	8.2788
49.8076	1.9692
45.161	1.4409
48.5627	7.9567
47.3487	2.0495
50.7137	9.6605
50.1332	21.9674
49.5676	11.3272
48.0051	10.2377
54.7139	23.6497
48.2126	4.2412
48.5085	5.9127
47.2226	5.0103
45.889	13.3133
43.7862	4.4001
47.6734	18.114
48.6366	2.1465
52.1322	12.752
50.2029	11.7777
47.0733	4.9234
51.3133	5.1921
48.2402	1.0826
47.8142	5.2219
49.3516	8.4561
49.6386	0.692
42.9531	-0.4397
45.1892	-0.4925
46.6196	5.3746
56.6159	13.7617
50.0205	6.6341
45.5906	4.8264
51.2567	12
47.2347	21.5902
50.0362	7.6461
49.7491	11.5119
49.8971	9.3945
51.0359	9.4876
50.0891	22.175
46.7432	4.6422
50.4497	6.6679
50.0959	8.3524
48.2633	2.7221
47.7889	3.6707
46.6951	15.6387
53.1783	7.2194
50.1645	22.086
57.5542	12.0514
47.4053	6.4456
50.0348	5.2115
53.3468	18.7094
52.1524	18.4567
45.8412	22.2256
53.3668	14.728
47.7069	16.1027
42.362	-2.0676
49.0913	11.8884
52.1631	5.5346
46.6301	14.0949
49.4103	8.3411
57.9243	14.3189
50.4357	16.2264
52.6797	6.3602
51.3992	12.1909
45.9089	15.4001
48.1858	13.9131
47.6765	6.9852
40.6241	-7.9322
53.8379	22.9719
45.5402	10.7804
47.489	8.956
51.1537	16.231
56.2063	13.1064
51.2612	4.4374
41.5241	-4.916
48.723	2.2624
47.538	5.1943
48.7214	7.6957
61.9292	17.2175
48.2731	12.5502
46.9587	14.9125
49.5424	8.6086
47.9761	5.4983
51.6027	9.9061
50.4488	7.8517
46.2795	8.9958
41.6037	-4.8105
53.0277	-3.0295
53.1095	9.9838
50.9353	11.389
48.39	11.0633
49.4497	3.9247
51.005	6.5209
46.1828	9.0022
50.34	3.4684
58.6513	16.1755
49.4242	7.5595
47.4139	11.8461
51.4889	9.0077
51.3106	6.6342
48.1231	10.1125
48.1665	12.1628
50.5402	5.8731
60.2484	14.178
52.1551	20.6859
51.5333	7.8619
45.0613	9.6522
48.0432	10.6193
52.323	9.7966
45.5017	9.3851
47.906	11.7177
49.3135	11.4747
52.1465	7.736
48.4114	10.44
51.4036	10.4156
50.4753	4.4832
51.6301	7.8731
47.9086	7.5923
49.1204	4.2431
50.529	8.6065
46.7747	5.5228
49.9636	7.7676
52.3014	15.2462
51.5808	16.8472
49.8931	8.5443
51.6931	15.7348
49.4752	12.1922
52.1703	8.1559
48.3169	18.1662
50.0495	6.4921
60.8547	24.5972
42.1443	11.7907
40.9234	25.9813
46.5405	26.8749
61.5041	7.8028
40.3197	21.7515
38.5996	21.2331
61.6683	10.8855
62.102	23.0357
46.7029	-1.4304
41.8608	12.375
42.4606	9.2072
57.7901	26.0496
38.2854	-6.0727
37.5214	22.4077
55.1352	14.8995
40.7787	21.3839
45.917	25.824
64.8246	18.8013
63.1763	17.2595
38.2353	22.0792
38.1196	15.1147
45.1514	17.246
47.5296	-2.3072
43.9999	22.9745
36.9175	-4.4398
45.2326	13.9208
46.3453	23.7309
60.3161	11.1448
47.0682	-1.4371
57.4728	10.4992
39.9295	-2.8422
50.7266	-2.7783
49.0997	19.0293
62.2555	9.5464
39.6738	16.2161
55.6264	21.9724
43.3946	17.0333
59.8882	16.5655
66.7561	15.8381
66.6584	15.4066
63.375	14.88
59.6037	9.419
37.9835	13.8732
55.0658	-3.2792
46.0036	25.2914
60.9249	15.6975
60.6182	6.3739
69.4216	24.7796
45.8556	25.9411
64.3379	25.872
66.4725	25.6177
40.17	21.5054
58.6287	13.6764
59.838	7.1683
39.9984	16.6098
61.0946	12.0022
39.4074	22.7318
59.4135	6.1169
61.6005	14.8233
54.8521	-4.2572
46.1483	27.5834
45.7534	25.2839
45.5126	18.5378
43.5868	16.4591
45.5525	11.5146
63.3288	14.4313
43.1944	23.5671
55.9799	23.8578
37.1785	22.0128
46.879	-1.29
43.3152	26.9228
39.1102	-5.3337
42.0219	9.4099
39.6268	16.5171
42.2346	25.3638
42.7488	17.9255
37.3733	13.8047
47.4637	25.3565
38.7745	-2.416
57.2608	16.4259
41.0693	15.0599
41.0927	24.7596
37.8031	22.7564
58.2206	7.0142
59.4805	11.6633
48.3094	-1.8341
51.7834	6.9679
59.4255	10.7067
58.9713	9.512
58.7456	25.7677
52.0348	18.8784
52.3401	19.3564
53.463	11.3429
48.2134	0.9418
41.3817	23.3625
48.0075	-0.1606
48.36	10.0815
46.5478	1.5063
44.4226	26.3299
43.1044	0.4721
48.2432	0.1649
40.9747	17.2583
44.2494	15.6382
52.8828	9.4738
40.3761	-3.8728
47.757	21.3178
60.485	25.8927
40.556	-3.2949
43.3176	11.3531
53.9328	9.483
42.1428	-0.3251
52.7371	11.2441
44.2982	23.9112
40.7032	23.3568
49.5935	7.9649
45.7942	21.6982
59.103	25.3583
62.9305	10.181
44.0522	1.4081
61.8989	27.8081
63.0075	23.0552
45.0055	26.4547
51.7627	6.5502
64.3396	12.3352
65.1011	13.3432
46.2763	15.8665
60.7861	8.7438
60.4183	7.7047
42.1755	1.3198
51.7521	17.8381
68.5793	21.9251
39.5606	20.7561
56.3242	10.4019
57.2589	16.0137
41.8107	-1.9657
47.3298	-1.7843
40.8954	-2.7615
42.2371	-1.9014
56.0628	13.7358
45.4629	12.2427
46.1345	9.5877
39.5915	20.8615
44.6465	22.6971
43.6684	10.3592
58.3571	26.6796
39.8043	-3.988
52.2717	10.4962
53.4064	18.4348
42.0942	13.3466
49.4123	19.6634
45.9136	1.2922
56.2096	-3.4403
38.6918	-7.0932
42.6256	2.4291
55.2444	22.3041
41.2624	15.9274
47.1797	0.2627
58.4228	15.682
41.9581	2.6345
52.4303	-2.0194
39.1885	16.3072
39.9372	-8.7968
53.3632	-7.4969
52.2751	-3.3345
43.018	10.5893
43.2249	-0.8882
49.5279	12.948
39.7512	22.2927
45.6553	21.1736
68.4104	17.4283
53.6722	-8.9599
49.4394	21.6897
67.3357	23.821
56.1556	25.761
37.2331	-8.1212
44.4151	25.9707
47.2068	26.6127
44.9398	25.9486
41.9619	26.6053
44.4513	24.4226
37.9258	-6.7616
51.2211	3.4094
42.2868	25.4631
60.9055	27.0262
45.5397	16.6076
46.4622	19.932
38.0393	13.5618
39.7297	8.6265
40.8367	-1.8454
54.5277	-1.8942
42.435	1.9658
51.7553	0.5188
37.3341	-6.7864
37.9862	-3.2103
40.6232	14.9536
47.6981	23.3861
46.3309	18.6996
39.9034	8.5883
48.6158	2.8815
48.0698	8.4625
46.2941	10.0869
55.4352	13.8381
61.8522	25.1744
55.8839	-4.4138
38.9427	21.1852
54.5482	18.5016
47.5038	4.0359
62.5173	25.6899
60.8269	25.5294
63.3319	10.3563
42.6911	-5.7692
47.339	-1.3821
44.0142	1.2046
46.4808	6.4335
52.7867	15.1185
46.5051	6.71
61.1154	10.4476
44.6761	-0.802
44.2312	28.5498
49.0473	-0.7746
47.2183	19.9837
53.1521	14.7127
44.08	0.8003
44.5568	3.2559
48.076	-0.9231
51.5575	12.0042
51.4656	11.8576
43.1631	2.8466
47.5327	-1.6357
50.0446	1.761
53.0121	18.7355
45.157	19.1707
45.0873	3.1189
49.8277	5.5129
49.6258	10.176
41.0205	25.525
43.2548	27.4214
48.513	1.7759
50.4407	8.7966
45.8659	4.5964
48.0591	-0.502
50.0169	20.1399
50.4706	10.4533
41.6508	23.1826
51.5822	7.4313
53.4635	13.564
42.9573	0.6449
50.2508	11.0315
48.4449	-1.3254
50.5206	8.7565
49.2152	7.4972
50.7373	6.8739
50.0759	1.9708
54.6166	9.4424
47.5271	17.2053
48.2726	3.8695
49.9943	11.1675
49.4065	6.1112
53.4808	20.3202
54.6639	-6.7205
42.9044	13.8936
42.1419	23.0331
46.9572	9.5479
41.2482	16.1725
52.7095	8.1738
44.5559	26.1821
51.6834	6.9204
49.6687	18.8467
42.5625	12.5491
45.4287	9.079
53.5682	10.3027
59.2493	10.2868
46.4789	16.917
50.1124	22.4075
43.2665	-8.2535
47.8877	21.7471
41.9796	25.7042
52.5588	19.6811
56.1756	10.0661
48.5211	-4.0605
44.0457	-0.34
51.5629	10.5386
40.4197	18.0973
39.2374	-8.7036
58.1797	8.1276
53.343	9.6561
54.6521	25.2714
52.5007	7.3395
45.5676	5.425
45.6891	25.6404
49.4776	7.914
48.8333	11.9756
49.1385	0.5783
45.8416	3.1609
50.0281	12.118
59.4292	24.8379
46.3558	2.8032
46.8833	18.0114
44.5811	9.9496
52.2952	5.1774
54.6288	22.8673
59.5199	13.2228
42.8047	13.9284
54.7579	-6.4575
55.7725	13.3192
57.7018	11.9494
42.3192	24.1311
63.5461	27.2462
47.8816	6.3843
61.0738	24.2883
47.6608	-2.9719
43.92	11.2098
45.0658	0.4314
50.0737	10.021
39.408	20.9036
50.7041	2.7881
50.062	4.5048
57.6812	14.6714
58.3041	12.5213
60.6794	11.2859
41.0884	-4.7429
47.2473	13.4253
42.5307	14.1251
39.087	-3.2068
49.7576	13.6165
53.3841	12.4533
68.9248	20.9357
50.9104	15.9299
47.5766	18.4603
49.224	7.9105
51.1322	8.8795
48.9126	8.6195
47.4873	13.1894
51.7633	-4.07
51.0807	9.0927
63.019	23.7001
52.4567	11.4901
58.3648	7.7881
51.2896	0.9836
62.442	27.8026
65.6269	25.137
44.876	10.1697
54.8383	-1.7793
47.6379	17.3425
51.7334	4.9066
59.6089	16.6218
56.8101	24.2469
50.7835	15.0229
52.0171	5.0686
51.5424	5.1584
43.906	25.9916
56.1969	15.4336
55.8652	12.4854
46.3969	12.3712
40.5475	22.5909
38.8106	22.4967
38.6389	23.0838
60.9471	9.3504
43.9603	6.3396
63.1513	9.7167
54.5744	24.3717
49.8859	7.0783
40.8575	24.1598
49.4115	14.8351
44.9839	14.9062
42.192	25.1914
48.6075	6.174
52.2833	17.8866
50.029	22.6155
49.0156	2.1461
40.6409	-6.4735
37.6555	-6.1645
42.1165	-1.7381
38.2504	-7.7877
46.8272	23.745
63.7279	20.089
60.1971	10.2489
54.3667	-6.2207
51.7573	-2.3187
51.1996	-1.616
50.732	-2.4014
46.9064	6.3348
43.2858	13.7233
50.08	18.1933
36.1556	-5.3469
46.8503	10.5051
43.598	1.3159
48.5584	14.6819
52.8408	16.5391
52.4353	-1.6043
55.523	-4.5892
64.8476	13.0132
49.7324	4.7543
43.6643	0.5923
56.4503	24.1621
45.837	24.9982
38.9387	-6.3649
53.0208	8.6883
50.5787	15.0702
48.5872	19.1058
45.338	3.2739
38.4397	15.9429
46.3168	-0.5562
57.8777	24.385
44.3837	2.822
41.5398	2.1877
48.5284	7.4973
53.1446	22.7935
49.7027	12.9881
49.3047	-1.1614
59.3301	14.5478
53.9596	10.2616
42.293	-5.911
57.5294	25.3869
44.8362	10.3371
55.5051	25.6228
38.9871	-3.3797
53.2209	23.2188
64.9605	25.5239
46.067	15.9195
44.3043	5.8382
43.9393	4.5749
42.3256	14.0867
43.4242	10.4907
49.1193	13.8421
47.5666	19.1456
45.8695	27.2105
42.0666	13.0372
46.1894	19.995
53.4135	-6.8817
45.7683	21.264
41.1075	16.4874
38.3695	-0.7045
63.9063	24.5164
44.3067	7.1723
45.2415	7.973
63.0432	24.5615
52.8845	-7.9447
51.6037	-2.6203
54.0381	19.011
60.8495	11.3677
51.1914	20.8605
46.8723	3.1608
48.1761	15.5568
44.7296	5.017
49.6027	21.8109
49.3248	0.3274
54.0542	12.6297
47.14	11.4473
53.1483	22.047
50.5568	21.1741
59.6942	8.0637
49.9375	12.2275
52.1951	5.835
50.4911	20.7186
60.859	26.5674
46.1695	16.3748
50.0911	10.7959
42.4347	0.087
45.9357	14.805
54.1121	20.1367
65.3207	21.42
52.9126	18.4826
43.7707	2.1821
57.1791	24.7154
49.69	19.958
40.9264	24.7114
39.5189	20.426
49.9647	20.7418
59.3677	27.3934
45.6384	16.5101
51.5201	21.1037
49.3607	0.8616
56.6246	23.7238
52.1465	-8.6562
48.3318	6.3388
53.1108	8.7529
49.4738	14.0712
38.0483	23.5542
48.2556	13.0769
50.7089	15.3157
45.0736	5.211
51.5066	16.0624
48.1788	22.0426
53.7759	-8.1033
56.0998	25.9602
61.5849	21.8526
52.9324	-4.0627
45.3798	27.0326
48.2737	17.464
41.6698	13.3221
45.0065	15.1283
41.6601	-8.7763
42.2125	1.8697
39.1006	21.0605
41.7929	26.186
52.2488	5.4934
39.7243	22.4804
40.6257	15.6144
52.8529	16.6957
39.3633	20.4236
66.6105	23.8876
58.2519	7.8631
45.7405	7.6433
42.7818	23.7994
55.8145	-4.0616
51.2506	22.5787
48.1661	3.1716
43.68	25.899
63.1646	27.2986
64.1697	28.2183
68.4391	22.6695
39.4958	20.5267
47.765	23.2409
46.9628	25.5759
44.6663	22.5524
63.3723	13.1626
60.8257	14.1266
59.9816	13.1021
38.5825	-7.9877
51.1038	-2.2101
43.1775	2.5424
43.2301	-0.0791
49.3253	9.4127
49.9459	14.6468
44.0029	22.8511
54.4383	-2.5942
51.5094	-2.162
45.8512	4.226
45.636	11.548
44.1266	12.0628
38.6057	-3.4675
54.6595	11.3586
45.8239	9.4146
44.9331	11.61
53.9095	11.7583
47.8516	2.6848
50.0275	11.858
56.0676	26.7311
47.7918	24.0938
46.8064	19.1586
61.564	13.0911
45.0895	10.8565
61.7375	29.6727
45.8848	4.8944
47.7891	10.8847
52.6967	-7.6538
55.8238	-2.8528
46.7797	9.9292
44.882	15.7248
50.4225	10.3505
53.8154	10.8784
53.5679	-2.2315
47.7378	7.5522
53.8398	12.2906
42.9134	22.9427
50.9566	-1.4502
54.1386	-2.7556
50.2494	8.9942
53.6296	22.4141
47.5418	0.3372
62.5371	15.9183
51.1265	21.2276
60.8794	10.9264
41.2447	14.4395
51.5347	-3.5777
40.1279	-3.6778
53.145	-7.0128
44.7045	7.7628
44.4196	27.2957
48.1152	-0.7843
48.0392	2.9497
48.5091	21.2274
48.034	10.4199
52.8216	20.2606
55.3942	10.1884
57.78	13.661
46.885	1.7265
49.7741	9.7158
48.3725	1.4646
45.5033	8.436
50.6526	4.6933
47.5632	17.0855
46.7946	0.5106
51.8397	10.8854
50.6071	12.3862
47.7702	8.9651
46.9685	15.0938
46.2153	1.724
53.9942	11.9441
51.7247	12.2156
47.0653	5.2997
53.1432	18.7428
49.2416	2.0969
47.301	1.2246
51.2402	17.4994
50.1727	5.7903
51.9943	13.7254
56.8343	12.7101
46.8694	7.2231
48.9637	3.0529
47.0256	0.567
46.7926	20.7061
51.2765	12.4918
53.2585	18.7245
47.8847	20.8711
50.6119	22.2896
51.6388	7.1705
52.8104	9.6799
50.3777	1.6973
48.6422	5.1066
51.9191	10.6609
49.8941	11.6001
46.3561	-0.2751
45.1528	4.8881
48.323	1.3622
52.2032	21.7191
51.1083	19.3903
47.6904	5.184
54.1544	10.855
52.3191	7.9588
50.4601	5.9975
54.7892	24.6754
52.8353	17.6929
48.7421	-1.2892
47.5897	3.9186
46.4395	3.1612
51.6741	7.6803
40.967	16.8311
45.471	3.2482
44.093	-0.9959
50.6196	8.6714
48.16	2.8822
51.917	11.6108
52.9858	18.0765
45.8987	15.0266
43.2685	-4.0734
49.1507	17.2197
59.7931	17.7751
44.4751	0.0377
59.1388	15.0834
43.335	-4.3298
44.4455	-0.2443
42.6554	-4.3476
65.4237	21.5534
48.1345	4.6507
52.2383	16.6754
50.1011	10.1627
41.5129	23.2717
50.0376	11.4901
48.6438	11.5194
52.2773	11.3903
50.273	22.4035
43.1933	2.3443
53.2221	7.3711
47.8652	3.4972
50.422	10.8902
48.0563	-1.6797
49.8739	6.8305
48.9518	11.4307
51.4014	11.7196
47.9703	16.876
37.5052	-3.6316
50.0148	18.9553
51.5247	11.5277
49.4535	9.5307
47.919	3.2876
52.7339	6.9993
48.9508	4.2887
53.1839	8.2603
47.7658	20.5142
43.7801	11.2839
38.1469	14.9776
48.0724	16.2027
49.9985	9.2449
42.5383	-2.8181
52.3973	22.8714
52.6182	8.3652
44.6021	10.7782
48.0836	11.1765
47.4494	4.2799
51.4158	19.5703
52.9441	14.9538
53.9985	22.8253
52.5872	11.8949
41.5281	1.8809
45.7672	16.2339
44.0804	2.2345
52.1589	7.3204
60.2962	15.9782
46.8188	14.8354
42.935	-8.468
50.714	9.1064
38.0066	14.3227
49.8134	18.9199
47.8299	7.5631
47.0706	18.8797
46.1536	5.7875
44.7965	15.3183
45.3245	5.9525
56.5712	9.8498
41.3386	-1.6339
50.3467	8.9293
47.7681	22.8427
47.8012	9.9823
41.7374	1.4254
42.0361	-0.5755
46.0643	6.4095
51.1981	9.7468
51.6579	19.357
42.0354	14.8516
46.112	18.5908
49.3504	6.9946
45.7851	5.965
42.559	26.6141
63.3172	19.0131
51.7918	8.0739
49.6206	15.1336
45.5648	18.6363
51.6191	-1.3
53.6369	18.7048
46.7234	1.6045
49.1725	12.1164
64.521	18.8262
38.7999	-7.6606
38.6227	-8.5782
38.7406	-6.3913
50.6952	5.5778
47.3937	8.5034
49.9789	7.5484
52.3385	7.4088
48.7704	7.4939
60.4075	23.2125
41.2797	-7.9141
51.0784	7.6968
52.1994	21.9924
47.9117	8.2104
47.6819	9.785
51.4099	10.1755
47.9574	22.164
50.4538	18.8365
48.9418	1.9527
50.7542	3.1362
46.5345	3.3725
52.6359	11.3057
48.1999	15.257
47.4365	9.7235
53.5535	10.6171
54.24	10.8915
43.1828	-2.6539
46.4429	23.7988
58.0321	14.9529
50.3795	7.5326
65.8178	23.8283
50.3287	9.7803
41.9079	25.971
50.9654	7.6919
60.2074	24.7481
46.6587	7.8155
44.9897	1.5256
46.8377	5.6884
48.6739	7.7963
52.89	5.7609
50.2291	15.7969
47.1237	10.2493
50.8958	5.4022
46.2948	7.8858
53.2282	12.4506
64.8298	18.0334
41.2324	-8.1787
54.8894	-1.5575
45.3267	14.6564
51.1423	22.8319
44.2746	9.4204
44.4148	9.8705
49.1321	8.3071
47.5426	6.8626
47.6662	8.3738
60.9172	25.6244
48.5658	-2.0599
49.371	0.7081
56.7063	-2.8251
42.5868	27.1221
47.2016	9.6776
60.3408	10.576
48.6304	9.2265
42.399	-5.5946
45.2831	1.6158
55.1182	9.3729
59.5115	18.1748
44.1044	4.8594
48.1254	7.37
51.3802	21.3606
46.5237	4.1647
45.7977	-0.6603
57.8514	14.0266
49.4915	7.4049
42.4601	-3.4576
50.7614	10.347
49.7848	6.8196
54.2013	9.7827
54.3342	18.1964
41.5179	-0.0973
45.8572	16.3882
48.8686	17.969
56.111	14.5125
51.4882	19.8228
43.47	11.8503
49.653	10.4154
43.8291	5.0171
47.5796	14.321
62.9692	8.7138
52.719	8.7666
51.62	10.2559
46.256	15.3587
53.0583	8.4121
52.0055	7.0511
47.8336	12.426
46.6291	14.2247
39.4368	16.2408
67.0158	15.351
51.3953	12.4361
52.6259	6.2074
38.9294	16.2362
56.3893	12.9378
43.9286	10.2238
60.3109	24.2446
43.2902	10.5444
50.6202	3.3413
52.1697	6.0281
47.829	12.5883
51.2609	17.0442
51.6928	14.6667
47.6789	13.1231
42.3609	-0.3813
55.3259	12.0349
43.1336	-1.621
59.4052	16.2851
47.1431	9.8739
65.1289	25.4338
50.1556	9.9627
47.4249	-0.1062
58.4854	13.1927
51.9761	11.4702
53.7055	-0.9143
40.7138	-4.1782
46.4116	14.1123
53.3792	16.1441
64.0956	11.5246
56.6217	9.7261
59.5887	16.4005
48.29	7.1094
62.9241	25.815
51.226	-0.6732
38.2488	15.73
50.1549	6.8818
47.214	10.6996
51.2231	7.6681
46.4761	24.4475
53.8189	10.4803
43.4835	11.7043
49.5508	5.8072
52.3276	16.598
48.3808	16.2039
60.5489	25.1832
54.4425	-1.6795
52.0219	5.7609
44.4544	8.745
48.427	16.5493
36.7788	-4.4279
68.5306	17.4495
39.4148	-7.6925
50.4093	10.0216
54.5064	-2.1634
64.1255	25.8006
48.8467	13.1689
65.2247	16.9634
56.5397	26.5658
55.7044	12.4243
66.2757	14.5438
39.5642	22.4882
52.4401	10.2569
58.3558	6.6616
52.6212	-2.6017
48.5427	19.3693
49.0618	10.3359
50.9369	16.9008
47.5171	12.3536
51.2199	10.722
47.4898	18.8036
58.2182	15.6643
46.9839	8.6122
50.7491	-1.7311
67.2092	23.9065
41.7406	-6.5674
47.6495	15.8589
63.3651	11.9615
56.1187	23.4966
65.2133	13.3776
51.8666	-2.3414
60.3803	10.0831
60.2124	9.0198
64.4364	25.775
44.8315	6.5829
56.8029	23.4673
54.9624	24.9545
56.1832	15.7255
63.5954	11.0415
63.4597	11.5443
60.9576	11.4898
49.8181	6.5723
48.0229	9.2652
52.6113	8.5306
50.4823	23.037
52.6099	9.2549
50.684	10.7001
49.9183	6.4759
56.2231	14.0737
45.6949	10.9164
55.5938	25.8335
47.7638	18.0694
62.3576	26.5707
55.9291	26.636
49.9633	1.6575
48.7923	2.6185
63.1858	10.3139
44.4865	9.9396
48.7816	2.0209
42.4827	-1.681
42.2502	-1.6601
51.3281	6.2119
52.5586	6.6305
45.4454	4.4668
60.8721	7.1441
40.8651	-4.688
62.6991	25.7648
45.7818	24.6328
46.2258	24.7694
51.4761	7.1523
45.7992	16.0281
53.1297	10.9547
58.719	14.7538
61.1082	14.2757
59.8352	14.2582
59.6494	7.8079
59.4457	8.5521
51.7392	-1.0747
51.6659	0.3712
62.8784	18.075
41.4096	1.0622
51.5062	-2.3473
41.1434	1.1075
64.2606	21.0463
59.6185	11.0035
43.5618	26.4056
57.2231	9.9376
53.5224	12.9239
47.1309	13.5489
43.6218	10.4965
41.9418	25.6078
40.8076	0.5099
41.0892	23.4512
48.2771	17.6974
48.8371	21.3029
53.4647	14.7865
51.0574	5.8254
60.139	15.1775
51.1177	4.0082
49.0009	21.227
46.9575	22.7937
51.3109	9.5333
52.3978	4.8438
61.0802	7.8479
51.4614	18.6357
41.289	-8.7041
45.0457	9.0765
65.1431	21.5063
42.0345	-6.8424
55.6434	22.9256
49.9308	7.278
49.2621	6.1752
46.079	21.3224
66.5482	16.3342
53.096	18.0116
52.8028	-0.6077
50.3006	2.7359
58.4644	8.7125
50.5206	2.7939
52.9939	-2.2917
48.6808	7.9224
47.7418	7.3388
50.7373	11.8449
50.2805	19.5671
55.6846	21.1502
61.5008	23.0904
36.4379	-5.7166
44.5501	6.4862
43.4149	6.4528
51.3898	16.2107
48.1882	5.8831
47.6263	6.86
52.3845	-2.2479
44.564	6.0939
52.307	-1.1226
44.6586	1.5682
48.7023	2.6014
50.7008	1.6079
50.9554	2.4343
48.6581	-1.9712
43.1955	1.0026
60.7897	11.0923
45.7053	13.8592
43.3983	1.7032
53.37	9.8018
50.7073	-4.0608
44.8739	7.7463
43.4191	-0.5849
45.0157	22.3232
47.4203	13.3836
50.7977	21.2325
51.9338	16.5559
50.7458	22.3419
48.5981	10.8406
54.166	19.4014
40.5449	-5.6755
53.3155	-1.282
47.5126	25.6258
43.7304	7.186
48.9481	2.3425
50.5906	13.013
51.9067	-8.3634
49.3463	12.8504
43.7134	10.9201
47.8951	-2.8376
45.5417	1.5092
42.4637	12.4232
49.3953	15.5682
46.7343	2.4922
49.8641	2.3779
52.3037	-2.1006
56.8421	9.7417
51.9095	14.7181
59.4256	26.2688
59.2517	14.8254
61.2183	26.0161
49.5559	17.7276
49.622	20.7199
39.6021	-2.2801
62.0341	14.3668
53.3879	-1.0601
58.8217	9.0758
60.649	17.1184
54.0787	21.388
51.0171	-3.0663
49.4469	11.0403
53.0516	14.866
37.5842	-1.7834
48.9812	1.7203
56.9669	21.9584
47.1395	17.5544
50.9453	10.7331
48.5498	12.5447
52.0646	-2.2182
50.8532	4.6591
50.5488	3.0497
57.1681	12.2766
49.5007	4.3577
51.3331	21.0175
49.9296	21.8745
46.7766	17.7204
47.8018	21.1992
46.95	15.9099
51.1382	4.4373
44.3868	6.6288
42.4448	-6.0797
51.1587	7.2279
47.9069	2.0593
50.6871	17.8121
48.5905	6.419
48.2739	-2.1871
40.0133	-8.6001
51.3219	5.5942
49.7961	18.3022
43.8509	7.9089
37.3023	-4.8786
47.6652	1.9258
52.0676	18.1617
37.9039	-6.2213
47.09	1.844
61.8383	8.5715
56.8602	26.2273
44.2677	8.4406
48.3622	7.4673
45.4852	8.9913
45.163	18.006
45.0972	5.6831
53.4619	9.6958
45.4431	22.1913
49.8466	10.9636
46.4805	4.4318
43.9651	6.786
50.6584	11.3484
41.6062	-0.6922
54.6052	18.3428
53.7485	20.2516
53.2671	19.4112
47.4611	9.603
50.4054	16.3872
45.2413	-0.2685
42.4455	9.5078
46.4271	15.8826
62.6359	29.6641
47.5898	13.4642
64.7618	26.4117
43.3733	6.2036
41.8445	23.4845
45.6222	2.4567
48.4127	15.7759
46.5114	17.1911
51.2116	22.4526
52.279	4.9703
48.097	9.7924
48.4004	8.0084
50.4692	17.9545
49.1851	8.1137
49.6197	15.5729
61.2262	7.1022
38.7259	-8.9877
50.9273	5.8809
49.3159	14.1365
56.932	12.5177
53.8488	14.5993
54.5268	17.738
53.1677	18.5833
50.9145	18.9275
43.555	-6.1675
43.1685	-1.2285
60.194	24.9788
52.9851	10.7466
53.7076	16.7093
39.3925	-8.6393
44.072	1.5378
52.1823	14.2431
48.247	3.5552
53.693	10.3217
43.2171	2.2205
44.2323	1.5285
61.0724	16.9673
45.6425	3.1837
53.5655	20.9795
47.3097	0.5101
54.2286	19.0502
47.803	11.0775
54.6151	-8.0892
49.6766	13.3252
40.624	15.1828
48.4862	6.0936
52.8664	-7.4799
40.1674	-3.2857
37.394	-3.0274
47.218	6.5418
40.6359	15.8287
50.9911	9.7755
50.9864	21.7131
53.5169	9.8915
49.5935	4.5038
51.2176	-2.1998
52.2502	11.8832
43.0754	13.0626
52.2494	0.3633
52.2233	21.2447
55.9391	21.8801
59.051	16.5985
44.3476	24.111
45.0254	24.4897
50.3066	19.346
50.8195	19.14
49.9617	21.3144
54.3646	16.701
48.684	3.0875
52.6314	12.465
49.8547	2.5224
45.363	14.4912
42.2206	2.5825
49.6549	14.6325
48.6849	9.7307
44.0351	5.0389
54.123	17.9993
49.7445	20.6262
41.1092	0.5358
47.9108	11.8409
47.5224	14.0832
67.1374	20.659
54.6343	23.4364
53.9672	18.7684
57.0506	16.4398
38.9379	-1.758
45.6812	4.1554
45.3654	10.2081
47.8818	10.8911
59.8327	6.8136
49.0338	18.908
41.7631	-1.4754
45.835	23.0358
49.7553	9.9603
51.4351	16.9013
46.6743	6.5699
48.6441	9.4293
48.8248	8.8701
50.6207	8.3631
51.5906	-0.628
57.1132	24.6233
53.261	16.7821
49.7137	13.1837
55.5211	24.3126
46.8065	23.4422
52.7763	20.099
61.651	27.2623
58.5956	24.5101
40.7087	-6.3994
39.7946	-6.3855
50.4238	13.4707
50.2445	12.8995
50.3856	9.5305
47.095	2.2412
48.206	8.6222
46.4395	18.7089
49.8124	8.578
45.6616	15.7115
42.031	-4.5218
64.2607	24.8306
50.6438	6.9417
43.3209	17.1671
52.2838	6.8518
51.5414	14.7402
62.6279	22.4262
43.0325	2.9609
54.127	15.7274
53.4074	19.592
51.994	20.5466
49.9056	20.606
45.5082	9.9443
57.1487	24.8701
44.4248	22.855
46.9174	24.8215
60.3007	15.2821
40.5299	15.4359
46.1097	22.7849
46.0598	23.5832
45.7347	25.4379
58.7885	16.1575
56.9579	13.09
65.6009	19.1538
53.1914	19.0406
54.943	-3.9247
52.5353	-2.0309
53.4717	-2.3283
45.8402	4.0922
52.493	16.4326
49.9123	10.0012
62.4858	22.7517
47.8826	0.3043
47.2952	22.3169
37.2335	-6.9511
42.036	-8.6563
49.2028	18.5225
54.3646	9.6715
51.0727	16.2148
51.9408	7.5511
48.5853	-1.3269
47.311	4.5011
48.6935	9.3036
45.7141	9.6926
45.8948	18.6606
45.8287	3.4564
41.0661	-3.6086
55.761	-4.1732
42.3871	-2.1852
54.7575	11.4627
39.8155	-3.4806
45.5987	9.9707
55.9512	11.4884
42.3921	25.8881
45.0828	3.7537
42.8615	23.0331
47.1455	15.3308
46.5743	9.4167
55.0972	-4.1562
43.7048	-1.1746
57.3948	26.0005
38.003	15.4198
63.2739	27.4602
62.7498	22.9313
61.3971	21.932
46.4606	13.9636
43.7102	11.0688
42.0472	23.7386
52.1575	-4.348
63.8464	28.5358
42.6459	23.2066
50.8076	7.2196
43.3525	1.8048
46.6822	7.0856
45.578	5.6329
53.3973	-7.3195
67.8356	25.3193
39.2929	16.3511
54.2406	-2.7271
64.4761	28.1536
45.1943	3.0863
39.7556	16.2212
69.1951	23.5673
38.0099	12.9357
55.1233	23.7505
43.5631	22.9223
43.0002	25.619
42.3361	-1.6501
41.683	-6.2616
41.5185	-0.2935
47.1848	24.1285
46.6394	21.5215
52.4899	-1.8937
38.5961	-8.9023
44.8856	24.7844
64.4326	16.7864
58.5135	8.5529
42.7249	12.1277
46.5102	13.3409
56.9204	14.5876
52.7151	-0.5928
52.4698	-0.6813
52.1397	1.0852
50.5235	5.6659
49.8202	6.1951
46.8561	9.506
50.9098	15.7
49.6981	10.8546
47.2717	8.4386
51.3203	3.1844
46.157	3.3928
52.0065	19.5438
38.8666	-7.2182
52.2012	8.7267
52.8595	-6.877
51.656	11.8207
52.2125	17.2762
47.5186	12.0666
40.4556	-1.2423
51.8949	-0.1987
38.42	-1.5693
45.3146	9.4717
43.5394	-7.2532
51.6548	8.345
46.6696	16.1821
55.5846	-3.8246
54.425	11.13
51.2095	6.1812
51.9868	5.9792
51.5421	12.9994
52.5833	15.2021
50.6624	9.3542
41.9099	-7.444
48.5409	20.3886
53.0614	11.8379
51.5997	-2.995
52.9136	-2.4883
46.023	8.2766
37.6348	14.1153
48.4493	-0.0039
56.5992	24.5244
43.9892	25.3522
43.7985	25.9178
51.4154	-0.7738
53.0846	7.8334
43.619	16.724
45.8407	15.7004
46.9573	-1.3513
49.0059	14.0056
53.6211	-1.5467
49.2113	1.2194
50.2661	7.2259
50.2467	14.3783
46.7369	13.079
41.8814	-0.7646
46.6156	1.6839
52.0601	11.5784
44.6457	-0.4357
49.7319	10.7278
43.5897	5.1926
50.6838	3.8983
39.7282	-8.9289
49.3109	17.3791
42.3324	0.7358
49.0781	21.4418
41.7666	12.928
43.5722	10.3461
66.1006	26.3394
49.0035	17.6492
62.4778	14.1345
46.9369	25.3188
52.8964	13.1504
37.0725	-4.5642
40.0785	15.9083
51.3942	10.8168
43.4842	5.5389
49.0693	12.6403
37.9169	23.1082
47.3292	6.1282
37.9784	23.2635
42.7305	-1.6147
47.8664	14.199
53.079	13.1847
49.3568	9.2604
65.4989	17.0166
63.234	29.2847
45.6366	9.1433
46.6455	11.5846
44.4428	6.0285
41.6059	-1.0779
46.1155	5.4926
46.7735	23.3259
50.1272	14.7125
52.162	0.1059
51.3697	17.6152
43.8119	1.3607
49.554	8.1857
43.7944	13.0102
48.9839	10.1948
52.6416	13.2439
47.0081	11.5084
51.4229	-1.0353
51.4884	9.877
49.8365	12.1734
42.7935	12.048
60.2245	25.1713
50.0037	10.1173
49.7802	10.246
50.1551	8.6009
48.6154	8.9051
52.6065	-1.6408
49.4238	11.6892
46.4649	4.0785
51.9479	-0.5018
46.3785	2.5864
43.6439	1.4266
45.0968	4.0598
43.7221	-0.2688
53.7134	-1.7452
54.4051	-1.3205
49.7224	17.2857
47.1128	9.2666
44.7606	8.8377
45.3481	6.3026
59.6235	10.739
61.1674	22.6733
64.7317	20.9748
55.7017	11.6564
50.0967	21.5213
45.1094	18.6843
40.7547	-1.3384
43.2639	11.63
43.4471	5.2432
47.5972	6.7232
46.447	-0.8504
46.5467	18.7889
50.9306	6.3391
50.2521	8.6634
43.3128	-0.2641
49.0918	5.1404
52.6352	7.1913
53.2962	8.1468
41.1315	16.8497
40.7078	23.1896
47.2122	21.7421
47.6823	2.7404
53.8271	11.2524
41.1203	25.0765
52.9542	8.5546
51.357	18.5241
53.6014	12.3672
48.1471	5.6887
49.5149	8.0268
47.5584	2.0062
